<?xml version="1.0" encoding ="utf-8"?>
<swc xmlns="http://www.adobe.com/flash/swccatalog/9">
  <versions>
    <swc version="1.2" />
    <flex version="4.6.0" build="23201" minimumSupportedVersion="3.0.0" />
  </versions>
  <features>
    <feature-script-deps />
    <feature-files />
  </features>
  <libraries>
    <library path="library.swf">
      <script name="com/vsdevelop/air/extension/wincore/ANEWinCore" mod="1666104681180" signatureChecksum="1464103562" >
        <def id="com.vsdevelop.air.extension.wincore:ANEWinCore" /> 
        <dep id="flash.display:NativeWindow" type="s" /> 
        <dep id="flash.filesystem:File" type="s" /> 
        <dep id="com.vsdevelop.air.extension.wincore:ANEHKeyType" type="s" /> 
        <dep id="flash.external:ExtensionContext" type="s" /> 
        <dep id="flash.events:Event" type="s" /> 
        <dep id="trace" type="e" /> 
        <dep id="flash.events:StatusEvent" type="e" /> 
        <dep id="flash.filesystem:File" type="e" /> 
        <dep id="Error" type="e" /> 
        <dep id="flash.external:ExtensionContext" type="e" /> 
        <dep id="flash.events:EventDispatcher" type="i" /> 
        <dep id="AS3" type="n" /> 
      </script>
      <script name="_e54a80bb29a85777da4e92604bb14253ee4e2887c7f6516304cc0aef6cc42f84_flash_display_Sprite" mod="1666104693498" signatureChecksum="1266842175" >
        <def id="_e54a80bb29a85777da4e92604bb14253ee4e2887c7f6516304cc0aef6cc42f84_flash_display_Sprite" /> 
        <dep id="flash.system:Security" type="e" /> 
        <dep id="flash.display:Sprite" type="i" /> 
        <dep id="AS3" type="n" /> 
      </script>
      <script name="com/vsdevelop/air/extension/wincore/ANEHKeyType" mod="1622567427535" signatureChecksum="1327320513" >
        <def id="com.vsdevelop.air.extension.wincore:ANEHKeyType" /> 
        <dep id="Object" type="i" /> 
        <dep id="AS3" type="n" /> 
      </script>
      <digests>
        <digest type="SHA-256" signed="false" value="1a597bf62bc29bd5b1f8629ab2f5498e1b981b866ca94fd878737850692205c0"   />
      </digests>
    </library>
  </libraries>
  <files>
  </files>
</swc>
